{
  "series": [
    {
      "id": "1",
      "title": "نزل البركة",
      "description": "مسلسل كوميدي تونسي ساخر يروي قصة عائلة تونسية في شهر رمضان المبارك. المسلسل يتناول قضايا اجتماعية بطريقة كوميدية خفيفة مع نقد لاذع للواقع المعاش.",
      "poster": "https://images.unsplash.com/photo-1536440136628-849c177e76a1?w=400",
      "category": "كوميديا",
      "year": 2024,
      "rating": 8.5,
      "views": 150000
    },
    {
      "id": "2",
      "title": "عفريت عملي",
      "description": "دراما اجتماعية تونسية تجسد واقع المجتمع التونسي في قصة مشوقة تدور حول الشباب وطموحاتهم وتحدياتهم في ظل الأوضاع الاقتصادية الصعبة.",
      "poster": "https://images.unsplash.com/photo-1489599849927-2ee91cede3ba?w=400",
      "category": "دراما",
      "year": 2024,
      "rating": 9.0,
      "views": 200000
    },
    {
      "id": "3",
      "title": "ولد البلاد",
      "description": "مسلسل تاريخي يحكي قصة تونس عبر العصور في أجواء رمضانية مميزة مع شخصيات تاريخية بارزة وأحداث غيّرت مجرى التاريخ التونسي.",
      "poster": "https://images.unsplash.com/photo-1485846234645-a62644f84728?w=400",
      "category": "تاريخي",
      "year": 2024,
      "rating": 8.8,
      "views": 180000
    },
    {
      "id": "4",
      "title": "قحطة عيون",
      "description": "مسلسل رومانسي تونسي يدور حول قصة حlove بين شابين في ظل الأجواء الرمضانية، مع تحديات العائلة والمجتمع والتقاليد.",
      "poster": "https://images.unsplash.com/photo-1518676590629-3dcbd9c5a5c9?w=400",
      "category": "رومانسي",
      "year": 2024,
      "rating": 8.2,
      "views": 120000
    },
    {
      "id": "5",
      "title": "المقداد",
      "description": "مسلسل تاريخي ملحمي يحكي قصة الصحابي المقداد بن عمرو في عهد النبي محمد صلى الله عليه وسلم، من شبابه في مكة إلى هجرته ومشاركته في الغزوات.",
      "poster": "https://images.unsplash.com/photo-1440404653325-ab127d49abc1?w=400",
      "category": "تاريخي",
      "year": 2023,
      "rating": 9.2,
      "views": 250000
    },
    {
      "id": "6",
      "title": "أبي الطيب",
      "description": "دراما تاريخية تحكي قياة الشاعر العربي الكبير أبو الطيب المتنبي، من طفولته في الكوفة إلى رحلاته وغزواته الشعرية ومقتله.",
      "poster": "https://images.unsplash.com/photo-1503095396549-807759245b35?w=400",
      "category": "دراما",
      "year": 2023,
      "rating": 8.9,
      "views": 190000
    }
  ],
  "episodes": [
    {
      "id": "1",
      "seriesId": "1",
      "episodeNumber": 1,
      "title": "الحلقة 1 - البداية",
      "videoUrl": "https://sample-videos.com/video123/mp4/720/big_buck_bunny_720p_1mb.mp4",
      "duration": 45
    },
    {
      "id": "2",
      "seriesId": "1",
      "episodeNumber": 2,
      "title": "الحلقة 2 - المفاجأة",
      "videoUrl": "https://sample-videos.com/video123/mp4/720/big_buck_bunny_720p_1mb.mp4",
      "duration": 43
    },
    {
      "id": "3",
      "seriesId": "1",
      "episodeNumber": 3,
      "title": "الحلقة 3 - الحقيقة",
      "videoUrl": "https://sample-videos.com/video123/mp4/720/big_buck_bunny_720p_1mb.mp4",
      "duration": 44
    },
    {
      "id": "4",
      "seriesId": "2",
      "episodeNumber": 1,
      "title": "الحلقة 1 - البداية",
      "videoUrl": "https://sample-videos.com/video123/mp4/720/big_buck_bunny_720p_1mb.mp4",
      "duration": 48
    },
    {
      "id": "5",
      "seriesId": "2",
      "episodeNumber": 2,
      "title": "الحلقة 2 - التحدي",
      "videoUrl": "https://sample-videos.com/video123/mp4/720/big_buck_bunny_720p_1mb.mp4",
      "duration": 46
    },
    {
      "id": "6",
      "seriesId": "3",
      "episodeNumber": 1,
      "title": "الحلقة 1 - الفتح",
      "videoUrl": "https://sample-videos.com/video123/mp4/720/big_buck_bunny_720p_1mb.mp4",
      "duration": 50
    }
  ],
  "ads": {
    "header": {
      "enabled": false,
      "code": ""
    },
    "sidebar": {
      "enabled": false,
      "code": ""
    },
    "between-episodes": {
      "enabled": false,
      "code": ""
    },
    "before-episode": {
      "enabled": false,
      "code": ""
    },
    "after-episode": {
      "enabled": false,
      "code": ""
    },
    "footer": {
      "enabled": false,
      "code": ""
    }
  }
}